Time,Hoz,Campona,Klin,Zan
07/02/2022 11:55:32,1467.0,1535.0,1480.0,1549.0
07/02/2022 11:57:21,1467.0,1535.0,1480.0,1549.0
07/02/2022 11:57:34,1467.0,1535.0,1480.0,1549.0
07/02/2022 11:57:42,1467.0,1535.0,1480.0,1549.0
07/02/2022 11:57:58,1467.0,1535.0,1480.0,1549.0
07/02/2022 11:58:08,1467.0,1535.0,1480.0,1549.0
07/02/2022 11:59:14,1467.0,1535.0,1480.0,1549.0
07/02/2022 11:59:24,1467.0,1535.0,1480.0,1549.0
07/02/2022 11:59:34,1467.0,1535.0,1480.0,1549.0
07/02/2022 11:59:44,1467.0,1535.0,1480.0,1549.0
07/02/2022 11:59:55,1467.0,1535.0,1480.0,1549.0
07/02/2022 12:00:01,1467.0,1535.0,1480.0,1549.0
07/02/2022 12:05:01,1466.0,1530.0,1480.0,1549.0
07/02/2022 12:10:01,1466.0,1530.0,1480.0,1465.0
07/02/2022 12:15:01,1469.0,1530.0,1480.0,1549.0
07/02/2022 12:20:01,1469.0,1500.0,1480.0,1549.0
07/02/2022 12:25:02,1465.0,1500.0,1480.0,1549.0
07/02/2022 12:30:02,1465.0,1500.0,1480.0,1549.0
07/02/2022 12:35:02,1469.0,1500.0,1480.0,1549.0
07/02/2022 12:40:02,1470.0,1465.0,1480.0,1549.0
07/02/2022 12:45:02,1474.0,1500.0,1533.0,1549.0
07/02/2022 12:50:03,1474.0,1500.0,1533.0,1549.0
07/02/2022 12:55:03,1475.0,1500.0,1533.0,1549.0
07/02/2022 13:00:03,1473.0,1500.0,1533.0,1549.0
07/02/2022 13:05:03,1469.0,1460.0,1533.0,1549.0
07/02/2022 13:10:03,1469.0,1460.0,1533.0,1549.0
07/02/2022 13:15:03,1456.0,1500.0,1549.0,1549.0
07/02/2022 14:34:46,1455.0,1500.0,1489.0,1549.0
07/02/2022 14:39:46,1455.0,1500.0,1489.0,1549.0
07/02/2022 14:44:46,1400.0,1450.0,1465.0,1525.0
07/02/2022 14:49:46,1455.0,1450.0,1465.0,1525.0
07/02/2022 14:54:46,1450.0,1449.0,1465.0,1525.0
07/02/2022 14:59:47,1455.0,1450.0,1546.0,1525.0
07/02/2022 15:04:47,1455.0,1450.0,1475.0,1525.0
07/02/2022 15:09:47,1445.0,1450.0,1475.0,1460.0
07/02/2022 15:14:47,1430.0,1450.0,1475.0,1450.0
07/02/2022 15:19:47,1429.0,1450.0,1475.0,1460.0
07/02/2022 15:24:47,1429.0,1450.0,1475.0,1449.0
07/02/2022 15:29:48,1400.0,1450.0,1475.0,1449.0
07/02/2022 15:34:48,1400.0,1450.0,1475.0,1449.0
07/02/2022 15:39:48,1400.0,1450.0,1460.0,1449.0
07/02/2022 15:44:48,1400.0,1450.0,1460.0,1449.0
07/02/2022 15:49:48,1430.0,1450.0,1460.0,1449.0
07/02/2022 15:54:48,1430.0,1450.0,1460.0,1449.0
07/02/2022 15:59:49,1438.0,1450.0,1460.0,1449.0
07/02/2022 16:04:49,1438.0,1450.0,1460.0,1470.0
07/02/2022 16:09:49,1435.0,1450.0,1460.0,1470.0
07/02/2022 16:14:49,1435.0,1450.0,1460.0,1470.0
07/02/2022 16:19:50,1435.0,1450.0,1460.0,1470.0
07/02/2022 16:24:50,1435.0,1450.0,1460.0,1470.0
07/02/2022 16:29:50,1435.0,1450.0,1460.0,1470.0
07/02/2022 16:34:50,1435.0,1450.0,1460.0,1470.0
07/02/2022 16:39:50,1435.0,1450.0,1460.0,1470.0
07/02/2022 16:44:50,1435.0,1499.0,1460.0,1470.0
07/02/2022 16:49:51,1435.0,1499.0,1460.0,1470.0
07/02/2022 16:54:51,1450.0,1473.0,1460.0,1470.0
07/02/2022 16:59:51,1449.0,1474.0,1469.0,1470.0
07/02/2022 17:04:51,1445.0,1474.0,1469.0,1470.0
07/02/2022 17:09:51,1445.0,1474.0,1469.0,1470.0
07/02/2022 17:14:52,1445.0,1474.0,1449.0,1470.0
07/02/2022 17:19:52,1445.0,1474.0,1449.0,1470.0
07/02/2022 17:24:52,1445.0,1450.0,1449.0,1470.0
07/02/2022 17:29:52,1444.0,1450.0,1449.0,1470.0
07/02/2022 17:34:52,1442.0,1450.0,1520.0,1470.0
07/02/2022 17:39:53,1420.0,1400.0,1520.0,1470.0
07/02/2022 17:44:53,1420.0,1500.0,1520.0,1470.0
07/02/2022 17:49:53,1420.0,1500.0,1520.0,1470.0
07/02/2022 17:54:53,1399.0,1500.0,1520.0,1470.0
07/02/2022 17:59:53,1415.0,1500.0,1520.0,1470.0
07/02/2022 18:04:54,1415.0,1500.0,1520.0,1470.0
07/02/2022 18:09:54,1410.0,1500.0,1520.0,1470.0
07/02/2022 18:14:54,1410.0,1500.0,1520.0,1470.0
07/02/2022 18:19:54,1410.0,1500.0,1520.0,1470.0
07/02/2022 18:24:54,1410.0,1500.0,1520.0,1470.0
07/02/2022 18:29:55,1405.0,1500.0,1520.0,1470.0
07/02/2022 18:34:55,1400.0,1500.0,1520.0,1470.0
07/02/2022 18:39:55,1449.0,1474.0,1520.0,1470.0
07/02/2022 18:44:55,1449.0,1474.0,1520.0,1470.0
07/02/2022 18:49:55,1440.0,1474.0,1520.0,1470.0
07/02/2022 18:54:55,1440.0,1500.0,1520.0,1470.0
07/02/2022 18:59:55,1435.0,1474.0,1520.0,1470.0
07/02/2022 19:04:56,1399.0,1474.0,1520.0,1470.0
07/02/2022 19:09:56,1399.0,1474.0,1520.0,1470.0
07/02/2022 19:14:56,1399.0,1474.0,1520.0,1470.0
07/02/2022 19:19:56,1435.0,1474.0,1520.0,1470.0
07/02/2022 19:24:56,1440.0,1500.0,1520.0,1470.0
07/02/2022 19:29:56,1435.0,1500.0,1520.0,1470.0
07/02/2022 19:34:57,1440.0,1475.0,1520.0,1470.0
07/02/2022 19:39:57,1440.0,1475.0,1520.0,1470.0
07/02/2022 19:44:57,1439.0,1475.0,1520.0,1541.0
07/02/2022 19:49:57,1439.0,1475.0,1520.0,1541.0
07/02/2022 19:54:57,1450.0,1475.0,1520.0,1541.0
07/02/2022 19:59:57,1449.0,1510.0,1519.0,1541.0
07/02/2022 20:04:58,1449.0,1455.0,1519.0,1541.0
07/02/2022 20:09:58,1443.0,1448.0,1519.0,1541.0
07/02/2022 20:14:59,1443.0,1448.0,1519.0,1541.0
07/02/2022 20:19:59,1444.0,1448.0,1519.0,1541.0
07/02/2022 20:24:59,1440.0,1448.0,1519.0,1541.0
07/02/2022 20:29:59,1449.0,1448.0,1469.0,1541.0
07/02/2022 20:34:59,1450.0,1448.0,1469.0,1541.0
07/02/2022 20:40:00,1450.0,1448.0,1469.0,1541.0
07/02/2022 20:45:00,1450.0,1448.0,1469.0,1541.0
07/02/2022 20:50:00,1450.0,1448.0,1469.0,1541.0
07/02/2022 20:55:00,1450.0,1448.0,1469.0,1541.0
07/02/2022 21:00:00,1445.0,1448.0,1469.0,1541.0
07/02/2022 21:05:00,1445.0,1448.0,1469.0,1541.0
07/02/2022 21:10:01,1445.0,1448.0,1469.0,1541.0
07/02/2022 21:15:01,1450.0,1448.0,1469.0,1541.0
07/02/2022 21:20:01,1466.0,1510.0,1469.0,1449.0
07/02/2022 21:25:01,1466.0,1465.0,1469.0,1541.0
07/02/2022 21:30:01,1466.0,1465.0,1469.0,1541.0
07/02/2022 21:35:01,1465.0,1465.0,1469.0,1541.0
07/02/2022 21:40:02,1465.0,1510.0,1469.0,1541.0
07/02/2022 21:45:02,1465.0,1510.0,1469.0,1541.0
07/02/2022 21:50:02,1450.0,1510.0,1469.0,1541.0
07/02/2022 21:55:02,1465.0,1449.0,1469.0,1541.0
07/02/2022 22:00:02,1465.0,1510.0,1520.0,1541.0
07/02/2022 22:05:02,1450.0,1510.0,1520.0,1541.0
07/02/2022 22:10:03,1450.0,1510.0,1520.0,1541.0
07/02/2022 22:15:03,1449.0,1510.0,1520.0,1541.0
07/02/2022 22:20:03,1449.0,1510.0,1520.0,1541.0
07/02/2022 22:25:03,1449.0,1510.0,1520.0,1541.0
07/02/2022 22:30:03,1449.0,1510.0,1520.0,1541.0
07/02/2022 22:35:03,1449.0,1510.0,1520.0,1541.0
07/02/2022 22:40:04,1449.0,1510.0,1520.0,1541.0
07/02/2022 22:45:04,1449.0,1510.0,1520.0,1541.0
07/02/2022 22:50:04,1449.0,1510.0,1520.0,1541.0
07/02/2022 22:55:04,1449.0,1510.0,1520.0,1541.0
07/02/2022 23:00:04,1449.0,1510.0,1520.0,1541.0
07/02/2022 23:05:04,1449.0,1510.0,1520.0,1541.0
07/02/2022 23:10:05,1449.0,1510.0,1520.0,1541.0
07/02/2022 23:15:05,1466.0,1510.0,1520.0,1541.0
07/02/2022 23:20:05,1465.0,1510.0,1520.0,1460.0
07/02/2022 23:25:05,1449.0,1510.0,1520.0,1460.0
07/02/2022 23:30:05,1449.0,1510.0,1520.0,1460.0
07/02/2022 23:35:05,1449.0,1510.0,1520.0,1449.0
07/02/2022 23:40:06,1440.0,1510.0,1520.0,1440.0
07/02/2022 23:45:06,1449.0,1510.0,1520.0,1440.0
07/02/2022 23:50:06,1449.0,1510.0,1449.0,1440.0
07/02/2022 23:55:06,1449.0,1510.0,1449.0,1440.0
08/02/2022 00:00:06,1449.0,1510.0,1520.0,1350.0
08/02/2022 00:05:06,1449.0,1510.0,1520.0,1540.0
08/02/2022 00:10:07,1449.0,1490.0,1520.0,1540.0
08/02/2022 00:15:07,1440.0,1490.0,1520.0,1540.0
08/02/2022 00:20:07,1470.0,1490.0,1520.0,1540.0
08/02/2022 00:25:07,1450.0,1490.0,1520.0,1540.0
08/02/2022 00:30:07,1440.0,1490.0,1520.0,1530.0
08/02/2022 00:35:07,1460.0,1490.0,1520.0,1540.0
08/02/2022 00:40:07,1450.0,1490.0,1520.0,1459.0
08/02/2022 00:45:08,1460.0,1455.0,1520.0,1450.0
08/02/2022 00:50:08,1490.0,1455.0,1520.0,1459.0
08/02/2022 00:55:08,1490.0,1480.0,1520.0,1459.0
08/02/2022 01:00:08,1490.0,1480.0,1520.0,1540.0
08/02/2022 01:05:08,1495.0,1500.0,1520.0,1500.0
08/02/2022 01:10:08,1495.0,1500.0,1520.0,1540.0
08/02/2022 01:15:09,1495.0,1500.0,1546.0,1540.0
08/02/2022 01:20:09,1488.0,1500.0,1479.0,1540.0
08/02/2022 01:25:09,1488.0,1500.0,1489.0,1540.0
08/02/2022 01:30:09,1488.0,1500.0,1500.0,1540.0
08/02/2022 01:35:09,1488.0,1500.0,1500.0,1540.0
08/02/2022 01:40:09,1465.0,1500.0,1500.0,1525.0
08/02/2022 01:45:10,1487.0,1500.0,1500.0,1540.0
08/02/2022 01:50:10,1485.0,1490.0,1500.0,1540.0
08/02/2022 01:55:10,1485.0,1490.0,1500.0,1540.0
08/02/2022 02:00:10,1450.0,1490.0,1500.0,1540.0
08/02/2022 02:05:10,1479.0,1490.0,1498.0,1540.0
08/02/2022 02:10:10,1478.0,1490.0,1498.0,1540.0
08/02/2022 02:15:11,1475.0,1490.0,1498.0,1540.0
08/02/2022 02:20:11,1474.0,1490.0,1498.0,1540.0
08/02/2022 02:25:11,1473.0,1490.0,1498.0,1540.0
08/02/2022 02:30:11,1470.0,1490.0,1498.0,1540.0
08/02/2022 02:35:11,1460.0,1490.0,1498.0,1540.0
08/02/2022 02:40:11,1460.0,1490.0,1498.0,1540.0
08/02/2022 02:45:12,1455.0,1490.0,1498.0,1540.0
08/02/2022 02:50:12,1455.0,1490.0,1498.0,1540.0
08/02/2022 02:55:12,1470.0,1490.0,1498.0,1540.0
08/02/2022 03:00:12,1469.0,1490.0,1498.0,1540.0
08/02/2022 03:05:12,1469.0,1490.0,1479.0,1540.0
08/02/2022 03:10:12,1480.0,1500.0,1479.0,1540.0
08/02/2022 03:15:13,1425.0,1500.0,1498.0,1540.0
08/02/2022 03:20:13,1480.0,1500.0,1498.0,1540.0
08/02/2022 03:25:13,1480.0,1500.0,1498.0,1540.0
08/02/2022 03:30:13,1480.0,1500.0,1498.0,1540.0
08/02/2022 03:35:13,1480.0,1500.0,1498.0,1540.0
08/02/2022 03:40:13,1480.0,1500.0,1498.0,1540.0
08/02/2022 03:45:14,1498.5,1500.0,1500.0,1640.0
08/02/2022 03:50:14,1498.5,1500.0,1500.0,1640.0
08/02/2022 03:55:14,1495.0,1500.0,1500.0,1500.0
08/02/2022 04:00:14,1505.0,1500.0,1500.0,1500.0
08/02/2022 04:05:14,1505.0,1540.0,1500.0,1699.0
08/02/2022 04:10:14,1505.0,1550.0,1546.0,1699.0
08/02/2022 04:15:15,1530.0,1550.0,1546.0,1600.0
08/02/2022 04:20:15,1530.0,1550.0,1546.0,1600.0
08/02/2022 04:25:15,1480.0,1550.0,1546.0,1600.0
08/02/2022 04:30:15,1535.0,1550.0,1546.0,1595.0
08/02/2022 04:35:15,1533.0,1550.0,1546.0,1595.0
08/02/2022 04:40:15,1533.0,1550.0,1546.0,1595.0
08/02/2022 04:45:16,1500.0,1550.0,1560.0,1580.0
08/02/2022 04:50:16,1500.0,1550.0,1550.0,1580.0
08/02/2022 04:55:16,1500.0,1550.0,1550.0,1580.0
08/02/2022 05:00:16,1500.0,1550.0,1550.0,1580.0
08/02/2022 05:05:16,1510.0,1550.0,1550.0,1549.0
08/02/2022 05:10:16,1515.0,1550.0,1550.0,1549.0
08/02/2022 05:15:17,1515.0,1550.0,1530.0,1595.0
08/02/2022 05:20:17,1515.0,1550.0,1530.0,1590.0
08/02/2022 05:25:17,1520.0,1550.0,1530.0,1595.0
08/02/2022 05:30:17,1519.0,1550.0,1530.0,1550.0
08/02/2022 05:35:17,1500.0,1544.0,1530.0,1595.0
08/02/2022 05:40:18,1500.0,1544.0,1520.0,1595.0
08/02/2022 05:45:18,1500.0,1544.0,1520.0,1595.0
08/02/2022 05:50:18,1495.0,1530.0,1509.0,1590.0
08/02/2022 05:55:18,1495.0,1519.0,1509.0,1590.0
08/02/2022 06:00:18,1519.0,1519.0,1509.0,1590.0
08/02/2022 06:05:18,1519.0,1508.0,1530.0,1590.0
08/02/2022 06:10:19,1519.0,1550.0,1530.0,1590.0
08/02/2022 06:15:19,1480.0,1550.0,1499.0,1590.0
08/02/2022 06:20:19,1490.0,1550.0,1499.0,1590.0
08/02/2022 06:25:19,1480.0,1550.0,1499.0,1590.0
08/02/2022 06:30:19,1470.0,1550.0,1499.0,1590.0
08/02/2022 06:35:19,1470.0,1531.0,1499.0,1590.0
08/02/2022 06:40:19,1460.0,1531.0,1499.0,1590.0
08/02/2022 06:45:20,1450.0,1531.0,1499.0,1590.0
08/02/2022 06:50:20,1450.0,1510.0,1499.0,1550.0
08/02/2022 06:55:20,1450.0,1510.0,1499.0,1550.0
08/02/2022 07:00:20,1445.0,1510.0,1415.0,1550.0
08/02/2022 07:05:20,1445.0,1500.0,1499.0,1550.0
08/02/2022 07:10:20,1445.0,1500.0,1499.0,1550.0
08/02/2022 07:15:21,1450.0,1500.0,1499.0,1550.0
08/02/2022 07:20:21,1450.0,1500.0,1499.0,1550.0
08/02/2022 07:25:21,1470.0,1500.0,1499.0,1550.0
08/02/2022 07:30:21,1470.0,1489.0,1499.0,1550.0
08/02/2022 07:35:21,1480.0,1489.0,1499.0,1550.0
08/02/2022 07:40:21,1467.0,1489.0,1499.0,1550.0
08/02/2022 07:45:22,1458.0,1489.0,1499.0,1550.0
08/02/2022 07:50:22,1458.0,1489.0,1480.0,1550.0
08/02/2022 07:55:22,1415.0,1489.0,1469.0,1550.0
08/02/2022 08:00:22,1444.0,1489.0,1460.0,1550.0
08/02/2022 08:05:22,1444.0,1489.0,1460.0,1550.0
08/02/2022 08:10:22,1444.0,1489.0,1480.0,1550.0
08/02/2022 08:15:22,1450.0,1489.0,1480.0,1550.0
08/02/2022 08:20:23,1480.0,1489.0,1525.0,1550.0
08/02/2022 08:25:23,1489.0,1489.0,1525.0,1550.0
08/02/2022 08:30:23,1490.0,1489.0,1525.0,1530.0
08/02/2022 08:35:23,1490.0,1489.0,1525.0,1530.0
08/02/2022 08:40:23,1490.0,1489.0,1525.0,1485.0
08/02/2022 08:45:23,1488.0,1489.0,1525.0,1550.0
08/02/2022 08:50:23,1488.0,1489.0,1525.0,1550.0
08/02/2022 08:55:24,1499.0,1550.0,1525.0,1550.0
08/02/2022 09:00:24,1499.0,1550.0,1525.0,1550.0
08/02/2022 09:05:24,1493.0,1550.0,1525.0,1550.0
08/02/2022 09:10:24,1500.0,1550.0,1525.0,1575.0
08/02/2022 09:15:24,1498.0,1550.0,1525.0,1575.0
08/02/2022 09:20:24,1499.0,1550.0,1525.0,1575.0
08/02/2022 09:25:25,1497.0,1499.0,1525.0,1575.0
08/02/2022 09:30:25,1496.0,1499.0,1525.0,1575.0
08/02/2022 09:35:25,1490.0,1499.0,1525.0,1575.0
08/02/2022 09:40:25,1495.0,1499.0,1525.0,1575.0
08/02/2022 09:45:24,1496.0,1499.0,1525.0,1575.0
08/02/2022 09:50:24,1496.0,1499.0,1525.0,1575.0
08/02/2022 09:55:24,1496.0,1499.0,1525.0,1575.0
08/02/2022 10:00:24,1496.0,1499.0,1525.0,1575.0
08/02/2022 10:05:24,1496.0,1499.0,1525.0,1575.0
08/02/2022 10:10:24,1496.0,1499.0,1525.0,1575.0
08/02/2022 10:15:24,1490.0,1499.0,1525.0,1575.0
08/02/2022 10:20:25,1496.0,1499.0,1525.0,1575.0
08/02/2022 10:25:25,1496.0,1550.0,1525.0,1575.0
08/02/2022 10:30:25,1496.0,1550.0,1525.0,1575.0
08/02/2022 10:35:25,1496.0,1550.0,1525.0,1575.0
08/02/2022 10:40:25,1519.0,1550.0,1525.0,1595.0
08/02/2022 10:45:25,1519.0,1550.0,1525.0,1595.0
08/02/2022 10:50:26,1510.0,1550.0,1525.0,1595.0
08/02/2022 10:55:26,1518.0,1519.0,1500.0,1595.0
08/02/2022 11:00:26,1500.0,1517.0,1520.0,1595.0
08/02/2022 11:05:26,1510.0,1510.0,1520.0,1595.0
08/02/2022 11:10:26,1525.0,1550.0,1520.0,1595.0
08/02/2022 11:15:27,1530.0,1550.0,1525.0,1595.0
08/02/2022 11:20:27,1508.0,1550.0,1525.0,1595.0
08/02/2022 11:25:27,1507.0,1550.0,1525.0,1595.0
08/02/2022 11:30:27,1500.0,1550.0,1525.0,1595.0
08/02/2022 11:35:27,1499.0,1550.0,1525.0,1595.0
08/02/2022 11:40:27,1495.0,1550.0,1525.0,1595.0
08/02/2022 11:45:28,1480.0,1550.0,1525.0,1595.0
08/02/2022 11:50:28,1480.0,1550.0,1525.0,1595.0
08/02/2022 11:55:28,1480.0,1550.0,1525.0,1595.0
08/02/2022 12:00:28,1475.0,1550.0,1525.0,1559.0
08/02/2022 12:05:28,1480.0,1550.0,1525.0,1559.0
08/02/2022 12:10:29,1475.0,1550.0,1469.0,1559.0
08/02/2022 12:15:29,1499.0,1570.0,1525.0,1559.0
08/02/2022 12:20:29,1528.0,1570.0,1525.0,1559.0
08/02/2022 12:25:29,1539.0,1570.0,1525.0,1559.0
08/02/2022 12:30:29,1489.0,1550.0,1525.0,1559.0
08/02/2022 12:35:29,1548.0,1550.0,1525.0,1559.0
08/02/2022 12:40:30,1540.0,1550.0,1550.0,1559.0
08/02/2022 12:45:30,1540.0,1550.0,1550.0,1559.0
08/02/2022 12:50:30,1539.0,1598.0,1550.0,1559.0
08/02/2022 12:55:30,1538.0,1598.0,1550.0,1559.0
08/02/2022 13:00:30,1500.0,1600.0,1550.0,1520.0
08/02/2022 13:05:30,1500.0,1600.0,1550.0,1520.0
08/02/2022 13:10:30,1499.0,1500.0,1550.0,1499.0
08/02/2022 13:15:31,1477.0,1600.0,1550.0,1499.0
08/02/2022 13:20:31,1470.0,1600.0,1550.0,1549.0
08/02/2022 13:25:31,1465.0,1600.0,1550.0,1559.0
08/02/2022 13:30:31,1469.0,1600.0,1550.0,1559.0
08/02/2022 13:35:31,1469.0,1600.0,1550.0,1500.0
08/02/2022 13:40:32,1476.0,1600.0,1550.0,1559.0
08/02/2022 13:45:32,1498.0,1519.0,1560.0,1559.0
08/02/2022 13:50:32,1497.5,1498.0,1560.0,1559.0
08/02/2022 13:55:32,1497.5,1525.0,1560.0,1559.0
08/02/2022 14:00:32,1490.0,1519.0,1539.0,1559.0
08/02/2022 14:05:32,1490.0,1519.0,1539.0,1559.0
08/02/2022 14:10:33,1490.0,1525.0,1539.0,1559.0
08/02/2022 14:15:33,1497.5,1525.0,1539.0,1559.0
08/02/2022 14:20:33,1498.0,1525.0,1539.0,1559.0
08/02/2022 14:25:33,1480.0,1525.0,1539.0,1559.0
08/02/2022 14:30:33,1480.0,1525.0,1539.0,1559.0
08/02/2022 14:35:33,1499.0,1525.0,1539.0,1559.0
08/02/2022 14:40:34,1515.0,1525.0,1539.0,1559.0
08/02/2022 14:45:34,1515.0,1525.0,1539.0,1559.0
08/02/2022 14:50:34,1514.0,1525.0,1539.0,1559.0
08/02/2022 14:55:34,1513.0,1525.0,1539.0,1559.0
08/02/2022 15:00:34,1513.0,1525.0,1539.0,1559.0
08/02/2022 15:05:35,1513.0,1525.0,1539.0,1559.0
08/02/2022 15:10:39,1513.0,1525.0,1539.0,1559.0
08/02/2022 15:15:40,1515.0,1525.0,1539.0,1559.0
08/02/2022 15:20:40,1515.0,1525.0,1539.0,1559.0
08/02/2022 15:25:40,1515.0,1525.0,1539.0,1559.0
08/02/2022 15:30:40,1515.0,1525.0,1539.0,1559.0
08/02/2022 15:35:41,1515.0,1525.0,1539.0,1559.0
08/02/2022 15:40:41,1518.0,1515.0,1559.0,1559.0
08/02/2022 15:45:41,1518.0,1525.0,1559.0,1559.0
08/02/2022 15:50:41,1499.0,1509.0,1559.0,1559.0
08/02/2022 15:55:41,1513.0,1525.0,1559.0,1559.0
08/02/2022 16:00:42,1490.0,1450.0,1549.0,1559.0
08/02/2022 16:05:42,1490.0,1525.0,1549.0,1559.0
08/02/2022 16:10:42,1490.0,1525.0,1549.0,1559.0
08/02/2022 16:15:42,1490.0,1525.0,1549.0,1559.0
08/02/2022 16:20:42,1490.0,1525.0,1549.0,1559.0
08/02/2022 16:25:42,1490.0,1525.0,1564.0,1559.0
08/02/2022 16:30:43,1490.0,1515.0,1564.0,1559.0
08/02/2022 16:35:43,1490.0,1515.0,1564.0,1559.0
08/02/2022 16:40:43,1490.0,1525.0,1519.0,1559.0
08/02/2022 16:45:43,1494.0,1525.0,1519.0,1559.0
08/02/2022 16:50:43,1490.0,1525.0,1519.0,1559.0
08/02/2022 16:55:43,1490.0,1525.0,1519.0,1559.0
08/02/2022 17:00:44,1490.0,1525.0,1519.0,1559.0
08/02/2022 17:05:44,1490.0,1525.0,1519.0,1559.0
08/02/2022 17:10:44,1490.0,1525.0,1519.0,1497.0
08/02/2022 17:15:44,1490.0,1520.0,1519.0,1497.0
08/02/2022 17:20:44,1490.0,1520.0,1519.0,1497.0
08/02/2022 17:25:45,1490.0,1520.0,1519.0,1497.0
08/02/2022 17:30:45,1475.0,1520.0,1519.0,1497.0
08/02/2022 17:35:45,1480.0,1520.0,1519.0,1497.0
08/02/2022 17:40:45,1480.0,1525.0,1519.0,1497.0
08/02/2022 17:45:46,1480.0,1525.0,1519.0,1497.0
08/02/2022 17:50:46,1480.0,1525.0,1519.0,1497.0
08/02/2022 17:55:47,1480.0,1525.0,1519.0,1497.0
08/02/2022 18:00:47,1480.0,1510.0,1519.0,1497.0
08/02/2022 18:05:47,1480.0,1460.0,1519.0,1497.0
08/02/2022 18:10:47,1480.0,1445.0,1519.0,1497.0
08/02/2022 18:15:47,1480.0,1510.0,1519.0,1497.0
08/02/2022 18:20:48,1480.0,1510.0,1519.0,1497.0
08/02/2022 18:25:48,1479.0,1510.0,1519.0,1497.0
08/02/2022 18:30:48,1479.0,1490.0,1519.0,1497.0
08/02/2022 18:35:48,1479.0,1490.0,1519.0,1497.0
08/02/2022 18:40:48,1475.0,1490.0,1519.0,1497.0
08/02/2022 18:45:49,1460.0,1490.0,1519.0,1497.0
08/02/2022 18:50:49,1450.0,1490.0,1519.0,1497.0
08/02/2022 18:55:49,1475.0,1490.0,1519.0,1497.0
08/02/2022 19:00:49,1480.0,1480.0,1519.0,1470.0
08/02/2022 19:05:49,1489.0,1480.0,1519.0,1497.0
08/02/2022 19:10:50,1489.0,1480.0,1519.0,1497.0
08/02/2022 19:15:50,1478.0,1494.0,1519.0,1497.0
08/02/2022 19:20:50,1478.0,1494.0,1519.0,1497.0
08/02/2022 19:25:50,1475.0,1510.0,1519.0,1450.0
08/02/2022 19:30:50,1475.0,1510.0,1519.0,1450.0
08/02/2022 19:35:51,1475.0,1510.0,1519.0,1497.0
08/02/2022 19:40:51,1475.0,1510.0,1519.0,1497.0
08/02/2022 19:45:51,1487.0,1510.0,1519.0,1497.0
08/02/2022 19:50:51,1490.0,1494.0,1519.0,1497.0
08/02/2022 19:55:51,1491.0,1494.0,1519.0,1497.0
08/02/2022 20:00:52,1495.0,1510.0,1519.0,1497.0
08/02/2022 20:05:52,1509.0,1510.0,1519.0,1497.0
08/02/2022 20:10:52,1488.0,1510.0,1515.0,1497.0
08/02/2022 20:15:52,1490.0,1479.0,1515.0,1546.0
08/02/2022 20:20:52,1500.0,1510.0,1500.0,1546.0
08/02/2022 20:25:52,1500.0,1510.0,1477.0,1546.0
08/02/2022 20:30:53,1498.0,1510.0,1500.0,1546.0
08/02/2022 20:35:53,1498.0,1519.0,1519.0,1546.0
08/02/2022 20:40:53,1498.0,1519.0,1519.0,1546.0
08/02/2022 20:45:53,1498.0,1519.0,1519.0,1546.0
08/02/2022 20:50:53,1498.0,1519.0,1519.0,1546.0
08/02/2022 20:55:54,1500.0,1515.0,1519.0,1559.0
08/02/2022 21:00:54,1510.0,1515.0,1515.0,1559.0
08/02/2022 21:05:54,1508.0,1515.0,1540.0,1559.0
08/02/2022 21:10:54,1515.0,1515.0,1699.0,1559.0
08/02/2022 21:15:54,1515.0,1515.0,1699.0,1559.0
08/02/2022 21:20:55,1515.0,1515.0,1699.0,1559.0
08/02/2022 21:25:55,1515.0,1515.0,1569.0,1559.0
08/02/2022 21:30:55,1509.0,1515.0,1699.0,1559.0
08/02/2022 21:35:55,1490.0,1515.0,1699.0,1559.0
08/02/2022 21:40:56,1495.0,1515.0,1699.0,1559.0
08/02/2022 21:45:56,1495.0,1515.0,1699.0,1559.0
08/02/2022 21:50:56,1510.0,1515.0,1699.0,1559.0
08/02/2022 21:55:56,1510.0,1515.0,1670.0,1559.0
08/02/2022 22:00:56,1505.0,1515.0,1670.0,1535.0
08/02/2022 22:05:56,1515.0,1515.0,1670.0,1535.0
08/02/2022 22:10:57,1510.0,1550.0,1670.0,1535.0
08/02/2022 22:15:57,1544.0,1550.0,1670.0,1559.0
08/02/2022 22:20:57,1544.0,1550.0,1670.0,1559.0
08/02/2022 22:25:57,1544.0,1550.0,1670.0,1559.0
08/02/2022 22:30:57,1549.0,1580.0,1670.0,1559.0
08/02/2022 22:35:58,1549.0,1580.0,1670.0,1559.0
08/02/2022 22:40:58,1564.0,1580.0,1670.0,1559.0
08/02/2022 22:45:58,1578.0,1577.0,1670.0,1585.0
08/02/2022 22:50:58,1578.0,1580.0,1670.0,1585.0
08/02/2022 22:55:58,1580.0,1580.0,1670.0,1585.0
08/02/2022 23:00:59,1580.0,1580.0,1670.0,1585.0
08/02/2022 23:05:59,1580.0,1580.0,1670.0,1585.0
08/02/2022 23:10:59,1535.0,1580.0,1670.0,1585.0
08/02/2022 23:15:59,1580.0,1580.0,1670.0,1600.0
08/02/2022 23:20:59,1578.0,1580.0,1670.0,1549.0
08/02/2022 23:26:00,1578.0,1550.0,1670.0,1549.0
08/02/2022 23:31:00,1578.0,1579.0,1670.0,1549.0
08/02/2022 23:36:00,1575.0,1569.0,1650.0,1549.0
08/02/2022 23:41:00,1550.0,1569.0,1650.0,1529.0
08/02/2022 23:46:00,1548.0,1569.0,1670.0,1529.0
08/02/2022 23:51:01,1548.0,1569.0,1670.0,1600.0
08/02/2022 23:56:01,1539.0,1569.0,1670.0,1590.0
09/02/2022 00:01:01,1539.0,1550.0,1525.0,1590.0
09/02/2022 00:06:01,1520.0,1549.0,1525.0,1590.0
09/02/2022 00:11:01,1520.0,1549.0,1525.0,1590.0
09/02/2022 00:16:01,1520.0,1549.0,1670.0,1590.0
09/02/2022 00:21:02,1519.0,1549.0,1670.0,1590.0
09/02/2022 00:26:02,1500.0,1552.0,1525.0,1590.0
09/02/2022 00:31:02,1499.0,1552.0,1525.0,1590.0
09/02/2022 00:36:02,1500.0,1552.0,1525.0,1590.0
09/02/2022 00:41:02,1500.0,1552.0,1525.0,1590.0
09/02/2022 00:46:03,1500.0,1539.0,1525.0,1590.0
09/02/2022 00:51:03,1500.0,1539.0,1525.0,1500.0
09/02/2022 00:56:03,1500.0,1539.0,1525.0,1500.0
09/02/2022 01:01:03,1495.0,1539.0,1498.0,1500.0
09/02/2022 01:06:03,1490.0,1539.0,1498.0,1500.0
09/02/2022 01:11:03,1480.0,1539.0,1485.0,1500.0
09/02/2022 01:16:04,1479.0,1479.0,1485.0,1500.0
09/02/2022 01:21:04,1479.0,1479.0,1485.0,1500.0
09/02/2022 01:26:04,1479.0,1479.0,1460.0,1500.0
09/02/2022 01:31:04,1465.0,1479.0,1520.0,1500.0
09/02/2022 01:36:04,1475.0,1550.0,1525.0,1450.0
09/02/2022 01:41:05,1480.0,1550.0,1525.0,1450.0
09/02/2022 01:46:05,1480.0,1550.0,1525.0,1450.0
09/02/2022 01:51:05,1473.0,1549.0,1525.0,1450.0
09/02/2022 01:56:05,1473.0,1549.0,1525.0,1495.0
09/02/2022 02:01:05,1480.0,1549.0,1525.0,1495.0
09/02/2022 02:06:05,1480.0,1549.0,1525.0,1550.0
09/02/2022 02:11:06,1490.0,1549.0,1525.0,1550.0
09/02/2022 02:16:06,1500.0,1549.0,1525.0,1500.0
09/02/2022 02:21:06,1499.0,1549.0,1525.0,1499.0
09/02/2022 02:26:06,1500.0,1549.0,1497.0,1500.0
09/02/2022 02:31:06,1500.0,1549.0,1498.0,1500.0
09/02/2022 02:36:06,1499.0,1549.0,1520.0,1500.0
09/02/2022 02:41:07,1500.0,1549.0,1520.0,1500.0
09/02/2022 02:46:07,1500.0,1549.0,1599.0,1510.0
09/02/2022 02:51:07,1520.0,1549.0,1599.0,1510.0
09/02/2022 02:56:07,1520.0,1549.0,1599.0,1510.0
09/02/2022 03:01:07,1509.0,1549.0,1599.0,1510.0
09/02/2022 03:06:07,1509.0,1549.0,1599.0,1510.0
09/02/2022 03:11:08,1509.0,1490.0,1599.0,1510.0
09/02/2022 03:16:08,1509.0,1549.0,1599.0,1571.0
09/02/2022 03:21:08,1509.0,1549.0,1599.0,1571.0
09/02/2022 03:26:08,1509.0,1525.0,1599.0,1571.0
09/02/2022 03:31:08,1509.0,1525.0,1599.0,1571.0
09/02/2022 03:36:09,1529.0,1525.0,1599.0,1571.0
09/02/2022 03:41:09,1525.0,1549.0,1599.0,1571.0
09/02/2022 03:46:09,1525.0,1549.0,1599.0,1571.0
09/02/2022 03:51:09,1500.0,1549.0,1515.0,1571.0
09/02/2022 03:56:09,1500.0,1549.0,1599.0,1571.0
09/02/2022 04:01:10,1500.0,1549.0,1599.0,1571.0
09/02/2022 04:06:10,1489.0,1480.0,1599.0,1571.0
09/02/2022 04:11:10,1489.0,1529.0,1599.0,1571.0
09/02/2022 04:16:10,1500.0,1529.0,1540.0,1571.0
09/02/2022 04:21:10,1490.0,1529.0,1540.0,1571.0
09/02/2022 04:26:10,1490.0,1550.0,1540.0,1571.0
09/02/2022 04:31:11,1490.0,1550.0,1540.0,1571.0
09/02/2022 04:36:11,1500.0,1545.0,1540.0,1571.0
09/02/2022 04:41:11,1500.0,1545.0,1540.0,1571.0
09/02/2022 04:46:11,1499.0,1545.0,1540.0,1571.0
09/02/2022 04:51:11,1499.0,1545.0,1540.0,1571.0
09/02/2022 04:56:12,1499.0,1545.0,1560.0,1571.0
09/02/2022 05:01:12,1499.0,1545.0,1560.0,1571.0
09/02/2022 05:06:12,1498.0,1545.0,1560.0,1571.0
09/02/2022 05:11:12,1498.0,1545.0,1560.0,1571.0
09/02/2022 05:16:12,1498.0,1583.0,1560.0,1571.0
09/02/2022 05:21:12,1520.0,1583.0,1560.0,1571.0
09/02/2022 05:26:13,1549.0,1549.0,1560.0,1571.0
09/02/2022 05:31:13,1548.0,1549.0,1560.0,1571.0
09/02/2022 05:36:13,1529.0,1549.0,1560.0,1571.0
09/02/2022 05:41:13,1529.0,1549.0,1560.0,1571.0
09/02/2022 05:46:13,1529.0,1583.0,1560.0,1571.0
09/02/2022 05:51:14,1529.0,1583.0,1560.0,1571.0
09/02/2022 05:56:14,1529.0,1583.0,1560.0,1571.0
09/02/2022 06:01:14,1525.0,1583.0,1560.0,1571.0
09/02/2022 06:06:14,1520.0,1583.0,1560.0,1571.0
09/02/2022 06:11:14,1529.0,1583.0,1560.0,1571.0
09/02/2022 06:16:15,1529.0,1535.0,1560.0,1571.0
09/02/2022 06:21:15,1538.0,1583.0,1560.0,1571.0
09/02/2022 06:26:15,1538.0,1583.0,1560.0,1571.0
09/02/2022 06:31:15,1529.0,1583.0,1560.0,1571.0
09/02/2022 06:36:16,1529.0,1583.0,1560.0,1571.0
09/02/2022 06:41:16,1529.0,1530.0,1560.0,1571.0
09/02/2022 06:46:16,1529.0,1530.0,1560.0,1571.0
09/02/2022 06:51:16,1529.0,1530.0,1525.0,1571.0
09/02/2022 06:56:16,1529.0,1530.0,1560.0,1571.0
09/02/2022 07:01:16,1529.0,1583.0,1560.0,1571.0
09/02/2022 07:06:17,1529.0,1583.0,1560.0,1571.0
09/02/2022 07:11:17,1529.0,1549.0,1560.0,1571.0
09/02/2022 07:16:17,1529.0,1581.0,1560.0,1571.0
09/02/2022 07:21:17,1529.0,1581.0,1560.0,1571.0
09/02/2022 07:26:17,1529.0,1581.0,1550.0,1571.0
09/02/2022 07:31:18,1529.0,1581.0,1550.0,1571.0
09/02/2022 07:36:18,1523.0,1581.0,1560.0,1571.0
09/02/2022 07:41:18,1529.0,1581.0,1560.0,1598.0
09/02/2022 07:46:18,1528.0,1550.0,1540.0,1525.0
09/02/2022 07:51:18,1528.0,1550.0,1539.0,1598.0
09/02/2022 07:56:19,1529.0,1550.0,1540.0,1598.0
09/02/2022 08:01:19,1529.0,1550.0,1540.0,1599.0
09/02/2022 08:06:19,1529.0,1550.0,1540.0,1599.0
09/02/2022 08:11:19,1529.0,1550.0,1540.0,1599.0
09/02/2022 08:16:19,1520.0,1540.0,1560.0,1599.0
09/02/2022 08:21:20,1525.0,1535.0,1560.0,1599.0
09/02/2022 08:26:20,1530.0,1535.0,1560.0,1599.0
09/02/2022 08:31:20,1500.0,1520.0,1560.0,1570.0
09/02/2022 08:36:20,1500.0,1520.0,1560.0,1570.0
09/02/2022 08:41:20,1500.0,1520.0,1560.0,1570.0
09/02/2022 08:46:21,1525.0,1520.0,1560.0,1570.0
09/02/2022 08:51:21,1519.0,1500.0,1560.0,1570.0
09/02/2022 08:56:21,1520.0,1500.0,1560.0,1570.0
09/02/2022 09:01:21,1520.0,1544.0,1560.0,1600.0
09/02/2022 09:06:21,1545.0,1544.0,1560.0,1600.0
09/02/2022 09:11:22,1545.0,1544.0,1596.0,1600.0
09/02/2022 09:16:22,1547.0,1581.0,1596.0,1600.0
09/02/2022 09:21:22,1547.0,1570.0,1596.0,1600.0
09/02/2022 09:26:22,1530.0,1570.0,1596.0,1600.0
09/02/2022 09:31:22,1530.0,1570.0,1596.0,1600.0
09/02/2022 09:36:21,1500.0,1570.0,1596.0,1600.0
09/02/2022 09:41:21,1548.0,1570.0,1596.0,1600.0
09/02/2022 09:46:21,1540.0,1570.0,1596.0,1600.0
09/02/2022 09:51:22,1540.0,1549.0,1547.0,1600.0
09/02/2022 09:56:22,1540.0,1515.0,1547.0,1600.0
09/02/2022 10:01:22,1540.0,1500.0,1547.0,1600.0
09/02/2022 10:06:22,1540.0,1588.0,1547.0,1600.0
09/02/2022 10:11:22,1535.0,1600.0,1547.0,1600.0
09/02/2022 10:16:23,1535.0,1588.0,1547.0,1600.0
09/02/2022 10:21:23,1540.0,1588.0,1547.0,1600.0
09/02/2022 10:26:23,1540.0,1588.0,1547.0,1580.0
09/02/2022 10:31:23,1500.0,1588.0,1547.0,1580.0
09/02/2022 10:36:23,1500.0,1588.0,1547.0,1580.0
09/02/2022 10:41:23,1545.0,1588.0,1547.0,1580.0
09/02/2022 10:46:24,1545.0,1588.0,1540.0,1580.0
09/02/2022 10:51:24,1540.0,1549.0,1540.0,1549.0
09/02/2022 10:56:24,1535.0,1549.0,1547.0,1549.0
09/02/2022 11:01:24,1550.0,1549.0,1547.0,1549.0
09/02/2022 11:06:24,1550.0,1588.0,1595.0,1549.0
09/02/2022 11:11:24,1520.0,1588.0,1595.0,1549.0
09/02/2022 11:16:25,1515.0,1588.0,1595.0,1549.0
09/02/2022 11:21:25,1520.0,1585.0,1595.0,1549.0
09/02/2022 11:26:25,1555.0,1585.0,1539.0,1549.0
09/02/2022 11:31:25,1549.0,1585.0,1549.0,1549.0
09/02/2022 11:36:25,1539.0,1585.0,1525.0,1549.0
09/02/2022 11:41:26,1539.0,1585.0,1549.0,1549.0
09/02/2022 11:46:26,1539.0,1585.0,1549.0,1549.0
09/02/2022 11:51:26,1530.0,1585.0,1538.0,1549.0
09/02/2022 11:56:26,1539.0,1585.0,1549.0,1544.0
09/02/2022 12:01:26,1539.0,1585.0,1549.0,1538.0
09/02/2022 12:06:26,1535.0,1585.0,1549.0,1535.0
09/02/2022 12:11:27,1535.0,1585.0,1549.0,1535.0
09/02/2022 12:16:27,1535.0,1585.0,1548.0,1535.0
09/02/2022 12:21:27,1549.0,1550.0,1548.0,1535.0
09/02/2022 12:26:27,1549.0,1550.0,1548.0,1549.0
09/02/2022 12:31:27,1547.0,1550.0,1548.0,1549.0
09/02/2022 12:36:28,1547.0,1550.0,1548.0,1549.0
09/02/2022 12:41:28,1546.0,1550.0,1548.0,1549.0
09/02/2022 12:46:28,1540.0,1550.0,1548.0,1549.0
09/02/2022 12:51:28,1540.0,1545.0,1548.0,1549.0
09/02/2022 12:56:28,1539.0,1545.0,1548.0,1549.0
09/02/2022 13:01:29,1530.0,1545.0,1548.0,1530.0
09/02/2022 13:06:29,1524.0,1540.0,1548.0,1530.0
09/02/2022 13:11:29,1524.0,1510.0,1548.0,1530.0
09/02/2022 13:16:29,1523.0,1529.0,1529.0,1530.0
09/02/2022 13:21:29,1524.0,1529.0,1529.0,1530.0
09/02/2022 13:26:29,1522.0,1529.0,1529.0,1530.0
09/02/2022 13:31:30,1500.0,1529.0,1529.0,1530.0
09/02/2022 13:36:30,1525.0,1529.0,1525.0,1499.0
09/02/2022 13:41:30,1520.0,1529.0,1525.0,1549.0
09/02/2022 13:46:30,1524.0,1529.0,1525.0,1549.0
09/02/2022 13:51:30,1520.0,1529.0,1529.0,1540.0
09/02/2022 13:56:31,1500.0,1529.0,1529.0,1540.0
09/02/2022 14:01:31,1500.0,1529.0,1529.0,1540.0
09/02/2022 14:06:31,1499.0,1529.0,1529.0,1520.0
09/02/2022 14:11:31,1499.0,1529.0,1529.0,1520.0
09/02/2022 14:16:31,1490.0,1529.0,1529.0,1520.0
09/02/2022 14:21:32,1490.0,1529.0,1529.0,1520.0
09/02/2022 14:26:32,1490.0,1529.0,1529.0,1520.0
09/02/2022 14:31:32,1489.0,1529.0,1529.0,1520.0
09/02/2022 14:36:32,1489.0,1529.0,1529.0,1520.0
09/02/2022 14:41:32,1495.0,1529.0,1529.0,1520.0
09/02/2022 14:46:32,1508.0,1525.0,1529.0,1520.0
09/02/2022 14:51:33,1509.0,1525.0,1529.0,1520.0
09/02/2022 14:56:33,1510.0,1525.0,1529.0,1520.0
09/02/2022 15:01:33,1500.0,1525.0,1529.0,1520.0
09/02/2022 15:06:33,1522.0,1525.0,1529.0,1520.0
09/02/2022 15:11:33,1500.0,1525.0,1529.0,1520.0
09/02/2022 15:16:33,1500.0,1525.0,1529.0,1520.0
09/02/2022 15:21:34,1500.0,1525.0,1529.0,1520.0
09/02/2022 15:26:34,1500.0,1525.0,1529.0,1510.0
09/02/2022 15:31:34,1518.0,1525.0,1529.0,1510.0
09/02/2022 15:36:34,1500.0,1525.0,1529.0,1520.0
09/02/2022 15:41:34,1514.0,1525.0,1529.0,1520.0
09/02/2022 15:46:35,1514.0,1520.0,1529.0,1545.0
09/02/2022 15:51:35,1518.0,1525.0,1529.0,1545.0
09/02/2022 15:56:35,1500.0,1528.0,1520.0,1545.0
09/02/2022 16:01:35,1500.0,1529.0,1529.0,1545.0
09/02/2022 16:06:36,1518.0,1529.0,1529.0,1545.0
09/02/2022 16:11:36,1500.0,1529.0,1529.0,1545.0
09/02/2022 16:16:36,1516.0,1525.0,1529.0,1545.0
09/02/2022 16:21:36,1515.0,1525.0,1529.0,1545.0
09/02/2022 16:26:36,1513.0,1529.0,1529.0,1545.0
09/02/2022 16:31:36,1510.0,1529.0,1529.0,1545.0
09/02/2022 16:36:37,1510.0,1550.0,1529.0,1545.0
09/02/2022 16:41:37,1500.0,1585.0,1529.0,1545.0
09/02/2022 16:46:37,1500.0,1585.0,1529.0,1545.0
09/02/2022 16:51:37,1500.0,1585.0,1529.0,1545.0
09/02/2022 16:56:37,1499.0,1585.0,1529.0,1545.0
09/02/2022 17:01:38,1499.0,1550.0,1529.0,1545.0
09/02/2022 17:06:38,1500.0,1585.0,1529.0,1545.0
09/02/2022 17:11:38,1498.0,1545.0,1529.0,1545.0
09/02/2022 17:16:38,1498.0,1545.0,1529.0,1545.0
09/02/2022 17:21:39,1498.0,1545.0,1529.0,1545.0
09/02/2022 17:26:39,1490.0,1490.0,1529.0,1545.0
09/02/2022 17:31:39,1495.0,1570.0,1529.0,1545.0
09/02/2022 17:36:39,1494.0,1570.0,1529.0,1545.0
09/02/2022 17:41:40,1495.0,1550.0,1542.0,1545.0
09/02/2022 17:46:40,1495.0,1550.0,1542.0,1545.0
09/02/2022 17:51:40,1495.0,1550.0,1542.0,1545.0
09/02/2022 17:56:40,1495.0,1530.0,1542.0,1545.0
09/02/2022 18:01:40,1498.0,1530.0,1542.0,1545.0
09/02/2022 18:06:41,1498.0,1500.0,1542.0,1545.0
09/02/2022 18:11:41,1495.0,1500.0,1542.0,1545.0
09/02/2022 18:16:41,1495.0,1500.0,1542.0,1545.0
09/02/2022 18:21:41,1495.0,1500.0,1542.0,1545.0
09/02/2022 18:26:42,1495.0,1500.0,1542.0,1545.0
09/02/2022 18:31:42,1495.0,1500.0,1542.0,1545.0
09/02/2022 18:36:42,1480.0,1500.0,1542.0,1545.0
09/02/2022 18:41:43,1490.0,1500.0,1542.0,1545.0
09/02/2022 18:46:44,1490.0,1520.0,1542.0,1545.0
09/02/2022 18:51:44,1490.0,1530.0,1542.0,1545.0
09/02/2022 18:56:44,1504.0,1530.0,1542.0,1510.0
09/02/2022 19:01:44,1498.0,1530.0,1542.0,1545.0
09/02/2022 19:06:44,1480.0,1530.0,1542.0,1545.0
09/02/2022 19:11:45,1496.0,1530.0,1542.0,1545.0
09/02/2022 19:16:45,1504.0,1540.0,1542.0,1510.0
09/02/2022 19:21:45,1504.0,1540.0,1542.0,1540.0
09/02/2022 19:26:45,1504.0,1540.0,1542.0,1520.0
09/02/2022 19:31:45,1500.0,1540.0,1542.0,1500.0
09/02/2022 19:36:46,1499.99,1540.0,1542.0,1500.0
09/02/2022 19:41:46,1499.99,1530.0,1542.0,1545.0
09/02/2022 19:46:46,1499.99,1530.0,1542.0,1545.0
09/02/2022 19:51:46,1510.0,1500.0,1542.0,1545.0
09/02/2022 19:56:46,1510.0,1500.0,1560.0,1545.0
09/02/2022 20:01:46,1510.0,1500.0,1560.0,1545.0
09/02/2022 20:06:47,1510.0,1530.0,1560.0,1545.0
09/02/2022 20:11:47,1510.0,1515.0,1560.0,1545.0
09/02/2022 20:16:47,1510.0,1515.0,1560.0,1545.0
09/02/2022 20:21:47,1510.0,1515.0,1505.0,1490.0
09/02/2022 20:26:47,1500.0,1530.0,1505.0,1545.0
09/02/2022 20:31:48,1520.0,1530.0,1560.0,1545.0
09/02/2022 20:36:48,1519.0,1530.0,1560.0,1545.0
09/02/2022 20:41:48,1519.0,1530.0,1560.0,1545.0
09/02/2022 20:46:48,1519.0,1530.0,1560.0,1545.0
09/02/2022 20:51:48,1519.0,1568.0,1560.0,1545.0
09/02/2022 20:56:49,1519.0,1568.0,1560.0,1545.0
09/02/2022 21:01:49,1519.0,1568.0,1560.0,1545.0
09/02/2022 21:06:49,1519.0,1568.0,1560.0,1545.0
09/02/2022 21:11:49,1520.0,1568.0,1560.0,1545.0
09/02/2022 21:16:49,1524.0,1568.0,1560.0,1545.0
09/02/2022 21:21:50,1524.0,1568.0,1560.0,1545.0
09/02/2022 21:26:50,1500.0,1568.0,1560.0,1545.0
09/02/2022 21:31:50,1500.0,1568.0,1560.0,1545.0
09/02/2022 21:36:50,1520.0,1568.0,1560.0,1550.0
09/02/2022 21:41:50,1510.0,1568.0,1560.0,1550.0
09/02/2022 21:46:50,1525.0,1568.0,1560.0,1550.0
09/02/2022 21:51:51,1538.0,1568.0,1560.0,1549.0
09/02/2022 21:56:51,1541.0,1568.0,1560.0,1549.0
09/02/2022 22:01:51,1545.0,1568.0,1560.0,1549.0
09/02/2022 22:06:51,1545.0,1568.0,1560.0,1549.0
09/02/2022 22:11:51,1525.0,1568.0,1560.0,1549.0
09/02/2022 22:16:51,1520.0,1568.0,1560.0,1549.0
09/02/2022 22:21:51,1520.0,1568.0,1590.0,1570.0
09/02/2022 22:26:52,1539.0,1560.0,1590.0,1570.0
09/02/2022 22:31:52,1547.0,1560.0,1590.0,1570.0
09/02/2022 22:36:52,1500.0,1560.0,1590.0,1570.0
09/02/2022 22:41:53,1550.0,1560.0,1590.0,1570.0
09/02/2022 22:46:53,1550.0,1560.0,1585.0,1570.0
09/02/2022 22:51:53,1528.0,1568.0,1585.0,1570.0
09/02/2022 22:56:53,1530.0,1550.0,1585.0,1570.0
09/02/2022 23:01:53,1530.0,1520.0,1585.0,1570.0
09/02/2022 23:06:54,1536.0,1520.0,1585.0,1570.0
09/02/2022 23:11:54,1535.0,1500.0,1585.0,1570.0
09/02/2022 23:16:54,1535.0,1520.0,1585.0,1570.0
09/02/2022 23:21:54,1535.0,1520.0,1585.0,1570.0
09/02/2022 23:26:54,1515.0,1520.0,1585.0,1570.0
09/02/2022 23:31:54,1515.0,1540.0,1584.0,1570.0
09/02/2022 23:36:55,1515.0,1540.0,1580.0,1570.0
09/02/2022 23:41:55,1540.0,1540.0,1580.0,1570.0
09/02/2022 23:46:55,1520.0,1549.0,1580.0,1570.0
09/02/2022 23:51:55,1530.0,1549.0,1580.0,1570.0
09/02/2022 23:56:55,1530.0,1500.0,1580.0,1570.0
10/02/2022 00:01:56,1520.0,1500.0,1580.0,1570.0
10/02/2022 00:06:56,1520.0,1550.0,1550.0,1570.0
10/02/2022 00:11:56,1540.0,1520.0,1544.0,1570.0
10/02/2022 00:16:56,1520.0,1568.0,1544.0,1570.0
10/02/2022 00:21:56,1539.0,1568.0,1544.0,1570.0
10/02/2022 00:26:56,1519.0,1568.0,1545.0,1570.0
10/02/2022 00:31:57,1534.0,1568.0,1545.0,1570.0
10/02/2022 00:36:57,1515.0,1568.0,1545.0,1570.0
10/02/2022 00:41:57,1534.0,1568.0,1545.0,1570.0
10/02/2022 00:46:57,1510.0,1540.0,1545.0,1570.0
10/02/2022 00:51:57,1509.0,1545.0,1545.0,1570.0
10/02/2022 00:56:57,1500.0,1545.0,1540.0,1570.0
10/02/2022 01:01:57,1500.0,1545.0,1540.0,1570.0
10/02/2022 01:06:58,1495.0,1545.0,1540.0,1570.0
10/02/2022 01:11:58,1494.0,1545.0,1540.0,1570.0
10/02/2022 01:16:58,1490.0,1525.0,1540.0,1570.0
10/02/2022 01:21:58,1490.0,1500.0,1540.0,1570.0
10/02/2022 01:26:58,1493.0,1500.0,1499.0,1570.0
10/02/2022 01:31:58,1493.0,1525.0,1499.0,1570.0
10/02/2022 01:36:59,1489.0,1525.0,1479.0,1570.0
10/02/2022 01:41:59,1490.0,1525.0,1479.0,1570.0
10/02/2022 01:46:59,1490.0,1525.0,1479.0,1570.0
10/02/2022 01:51:59,1490.0,1525.0,1479.0,1570.0
10/02/2022 01:56:59,1490.0,1525.0,1479.0,1570.0
10/02/2022 02:01:59,1480.0,1525.0,1530.0,1570.0
10/02/2022 02:07:00,1480.0,1525.0,1530.0,1570.0
10/02/2022 02:12:00,1480.0,1525.0,1530.0,1570.0
10/02/2022 02:17:00,1480.0,1525.0,1525.0,1570.0
10/02/2022 02:22:00,1489.0,1525.0,1525.0,1570.0
10/02/2022 02:27:00,1489.0,1525.0,1525.0,1570.0
10/02/2022 02:32:00,1489.0,1525.0,1540.0,1570.0
10/02/2022 02:37:01,1495.0,1525.0,1540.0,1570.0
10/02/2022 02:42:01,1495.0,1525.0,1540.0,1570.0
10/02/2022 02:47:01,1495.0,1525.0,1547.0,1570.0
10/02/2022 02:52:01,1495.0,1525.0,1547.0,1569.0
10/02/2022 02:57:01,1490.0,1525.0,1547.0,1569.0
10/02/2022 03:02:02,1490.0,1525.0,1547.0,1569.0
10/02/2022 03:07:02,1480.0,1525.0,1520.0,1569.0
10/02/2022 03:12:02,1480.0,1525.0,1520.0,1569.0
10/02/2022 03:17:02,1499.0,1525.0,1520.0,1569.0
10/02/2022 03:22:02,1490.0,1525.0,1520.0,1569.0
10/02/2022 03:27:02,1490.0,1450.0,1520.0,1545.0
10/02/2022 03:32:03,1497.0,1530.0,1520.0,1545.0
10/02/2022 03:37:03,1498.0,1530.0,1520.0,1545.0
10/02/2022 03:42:03,1498.0,1530.0,1520.0,1500.0
10/02/2022 03:47:03,1475.0,1495.0,1547.0,1500.0
10/02/2022 03:52:03,1475.0,1544.0,1545.0,1480.0
10/02/2022 03:57:03,1475.0,1544.0,1545.0,1480.0
10/02/2022 04:02:04,1475.0,1525.0,1545.0,1495.0
10/02/2022 04:07:04,1480.0,1525.0,1545.0,1495.0
10/02/2022 04:12:04,1480.0,1525.0,1545.0,1569.0
10/02/2022 04:17:04,1480.0,1500.0,1545.0,1500.0
10/02/2022 04:22:04,1497.0,1500.0,1545.0,1500.0
10/02/2022 04:27:04,1490.0,1500.0,1545.0,1500.0
10/02/2022 04:32:05,1490.0,1500.0,1545.0,1500.0
10/02/2022 04:37:05,1490.0,1500.0,1545.0,1500.0
10/02/2022 04:42:05,1498.0,1500.0,1490.0,1500.0
10/02/2022 04:47:05,1498.0,1525.0,1490.0,1500.0
10/02/2022 04:52:05,1495.0,1525.0,1490.0,1500.0
10/02/2022 04:57:05,1495.0,1525.0,1490.0,1500.0
10/02/2022 05:02:05,1495.0,1500.0,1489.0,1500.0
10/02/2022 05:07:06,1495.0,1525.0,1489.0,1500.0
10/02/2022 05:12:06,1470.0,1525.0,1479.0,1500.0
10/02/2022 05:17:06,1469.0,1525.0,1469.0,1500.0
10/02/2022 05:22:06,1470.0,1525.0,1490.0,1500.0
10/02/2022 05:27:06,1490.0,1525.0,1490.0,1500.0
10/02/2022 05:32:06,1479.0,1525.0,1545.0,1488.0
10/02/2022 05:37:07,1478.0,1525.0,1545.0,1479.0
10/02/2022 05:42:07,1478.0,1525.0,1545.0,1475.0
10/02/2022 05:47:07,1478.0,1525.0,1545.0,1549.0
10/02/2022 05:52:07,1475.0,1525.0,1545.0,1549.0
10/02/2022 05:57:07,1475.0,1490.0,1545.0,1549.0
10/02/2022 06:02:07,1477.0,1490.0,1545.0,1549.0
10/02/2022 06:07:08,1477.0,1490.0,1545.0,1549.0
10/02/2022 06:12:08,1479.0,1475.0,1545.0,1549.0
10/02/2022 06:17:08,1479.0,1470.0,1545.0,1549.0
10/02/2022 06:22:08,1450.0,1470.0,1545.0,1549.0
10/02/2022 06:27:08,1450.0,1470.0,1545.0,1549.0
10/02/2022 06:32:08,1455.0,1470.0,1545.0,1549.0
10/02/2022 06:37:09,1450.0,1470.0,1545.0,1454.0
10/02/2022 06:42:09,1430.0,1475.0,1545.0,1449.0
10/02/2022 06:47:09,1430.0,1475.0,1545.0,1449.0
10/02/2022 06:52:09,1430.0,1475.0,1545.0,1449.0
10/02/2022 06:57:09,1449.0,1475.0,1545.0,1449.0
10/02/2022 07:02:09,1449.0,1475.0,1545.0,1449.0
10/02/2022 07:07:09,1449.0,1475.0,1545.0,1449.0
10/02/2022 07:12:10,1449.0,1470.0,1545.0,1449.0
10/02/2022 07:17:10,1450.0,1475.0,1545.0,1449.0
10/02/2022 07:22:10,1430.0,1450.0,1545.0,1448.0
10/02/2022 07:27:10,1450.0,1450.0,1545.0,1448.0
10/02/2022 07:32:10,1440.0,1450.0,1540.0,1448.0
10/02/2022 07:37:10,1449.0,1440.0,1540.0,1448.0
10/02/2022 07:42:11,1449.0,1440.0,1540.0,1448.0
10/02/2022 07:47:11,1449.0,1450.0,1530.0,1448.0
10/02/2022 07:52:11,1449.0,1450.0,1530.0,1448.0
10/02/2022 07:57:11,1449.0,1450.0,1530.0,1447.0
10/02/2022 08:02:11,1449.0,1450.0,1530.0,1447.0
10/02/2022 08:07:11,1449.0,1440.0,1530.0,1447.0
10/02/2022 08:12:12,1448.0,1440.0,1530.0,1447.0
10/02/2022 08:17:12,1448.0,1440.0,1529.0,1447.0
10/02/2022 08:22:12,1449.0,1440.0,1529.0,1447.0
10/02/2022 08:27:12,1449.0,1446.0,1529.0,1447.0
10/02/2022 08:32:12,1449.0,1446.0,1529.0,1447.0
10/02/2022 08:37:13,1433.0,1475.0,1529.0,1447.0
10/02/2022 08:42:13,1433.0,1475.0,1529.0,1447.0
10/02/2022 08:47:13,1433.0,1475.0,1529.0,1447.0
10/02/2022 08:52:13,1433.0,1475.0,1529.0,1447.0
10/02/2022 08:57:13,1449.0,1475.0,1529.0,1520.0
10/02/2022 09:02:13,1450.0,1500.0,1529.0,1520.0
10/02/2022 09:07:14,1450.0,1500.0,1520.0,1520.0
10/02/2022 09:12:14,1450.0,1500.0,1520.0,1520.0
10/02/2022 09:17:14,1450.0,1500.0,1520.0,1520.0
10/02/2022 09:22:14,1445.0,1500.0,1520.0,1520.0
10/02/2022 09:27:14,1445.0,1500.0,1520.0,1520.0
10/02/2022 09:32:15,1445.0,1500.0,1525.0,1520.0
10/02/2022 09:37:15,1450.0,1500.0,1525.0,1520.0
10/02/2022 09:42:15,1464.0,1500.0,1525.0,1520.0
10/02/2022 09:47:15,1450.0,1500.0,1525.0,1520.0
10/02/2022 09:52:15,1450.0,1500.0,1525.0,1520.0
10/02/2022 09:57:16,1469.0,1500.0,1519.0,1520.0
10/02/2022 10:02:16,1469.0,1500.0,1519.0,1520.0
10/02/2022 10:07:16,1469.0,1500.0,1519.0,1468.0
10/02/2022 10:12:16,1450.0,1500.0,1519.0,1468.0
10/02/2022 10:17:16,1450.0,1500.0,1519.0,1468.0
10/02/2022 10:22:17,1475.0,1467.0,1519.0,1468.0
10/02/2022 10:27:17,1475.0,1467.0,1519.0,1468.0
10/02/2022 10:32:17,1479.0,1467.0,1519.0,1468.0
10/02/2022 10:37:17,1479.0,1500.0,1519.0,1520.0
10/02/2022 10:42:17,1479.0,1500.0,1519.0,1520.0
10/02/2022 10:47:18,1479.0,1500.0,1530.0,1520.0
10/02/2022 10:52:18,1455.0,1500.0,1530.0,1520.0
10/02/2022 10:57:18,1455.0,1500.0,1530.0,1475.0
10/02/2022 11:02:18,1450.0,1500.0,1530.0,1475.0
10/02/2022 11:07:18,1450.0,1500.0,1530.0,1475.0
10/02/2022 11:12:18,1450.0,1500.0,1530.0,1475.0
10/02/2022 11:17:19,1450.0,1500.0,1530.0,1475.0
10/02/2022 11:22:19,1440.0,1498.0,1530.0,1475.0
10/02/2022 11:27:19,1440.0,1500.0,1530.0,1475.0
10/02/2022 11:32:19,1440.0,1500.0,1530.0,1475.0
10/02/2022 11:37:20,1440.0,1500.0,1530.0,1475.0
10/02/2022 11:42:20,1440.0,1500.0,1530.0,1475.0
10/02/2022 11:47:20,1440.0,1500.0,1530.0,1475.0
10/02/2022 11:52:20,1440.0,1500.0,1530.0,1475.0
10/02/2022 11:57:20,1395.0,1500.0,1525.0,1475.0
10/02/2022 12:02:20,1420.0,1485.0,1525.0,1475.0
10/02/2022 12:07:21,1470.0,1485.0,1500.0,1475.0
10/02/2022 12:12:21,1450.0,1485.0,1500.0,1475.0
10/02/2022 12:17:21,1445.0,1485.0,1519.0,1475.0
10/02/2022 12:22:21,1445.0,1485.0,1519.0,1475.0
10/02/2022 12:27:21,1445.0,1485.0,1519.0,1475.0
10/02/2022 12:32:22,1445.0,1485.0,1519.0,1465.0
10/02/2022 12:37:22,1445.0,1480.0,1470.0,1520.0
10/02/2022 12:42:22,1445.0,1485.0,1470.0,1520.0
10/02/2022 12:47:22,1445.0,1450.0,1470.0,1520.0
10/02/2022 13:11:12,1450.0,1485.0,1470.0,1520.0
10/02/2022 13:16:12,1450.0,1485.0,1470.0,1520.0
